P00000275562	사이보그^시간여행^우주전쟁
P00000255522	결벽증
P00000432947	파리^남매^청춘^삼각관계^성적욕망^동거^성장영화^일탈
P00000265385	911테러
P00000254050	여교수^중년^성적욕망
P00000416479	실화바탕
P00000454801	미스터리^페이크다큐^우주탐험^외계인
P00000430580	동물원^학대
P00000309965	런던
P00000433289	노년부부^실화바탕^끝사랑
P00000281508	노년부부^음악영화^아내의죽음
P00000302947	공연
P00000433058	익스트림스포츠
P00000266916	익스트림스포츠
P00000458815	가상현실
P00000256180	가상현실
P00000252339	가상현실
P00000263628	가상현실
P00000362435	게임원작
P00000251496	게임원작
P00000272677	게임원작
P00000249738	광고회사
P00000250156	재난영화
P00000270627	재난영화
P00000266609	재난영화
P00000256709	재난영화
P00000258098	재난영화
P00000461902	재난영화
P00000474180	소설원작^시카고
P00000465873	아빠와딸^마약조직^납치
P00000464664	런던^원나잇^저예산영화
P00000248652	2차세계대전
P00000415554	2차세계대전
P00000395072	아빠와딸^납치^탈출
P00000326191	인권영화
P00000256921	아빠와아들^성장통^고아^다큐형식^영화제수상
P00000430571	삼각관계^아빠와아들^프랑스
P00000458736	예술가
P00000403655	인종문제^실화바탕
P00000403607	온라인사이트^폭로
P00000269073	감금^동성애
P00000326598	감금
P00000266980	소설원작
P00000311188	소설원작
P00000453121	소설원작^2차세계대전
P00000395073	소설원작
P00000266079	소설원작
P00000472804	소설원작^판타지영화^거인^공주^납치^전쟁
P00000268400	소설원작
P00000402779	소설원작
P00000268520	소설원작
P00000255182	소설원작
P00000310342	소설원작^위장
P00000474047	소설원작
P00000464425	소설원작^뉴욕^기억상실^시한부인생^운명적사랑^부활
P00000443497	새아빠^가정불화^가족^유년시절
P00000277442	저예산영화^백수건달^오디션^우정^사투리
P00000473194	저예산영화
P00000404352	저예산영화
P00000415436	저예산영화
P00000377838	저예산영화
P00000277507	저예산영화
P00000361696	저예산영화
P00000274675	저예산영화
P00000249530	저예산영화
P00000465983	실사애니
P00000430125	영화제수상
P00000433433	영화제수상
P00000415432	영화제수상
P00000453232	영화제수상
P00000268760	영화제수상
P00000269405	영화제수상
P00000266242	영화제수상
P00000365023	영화제수상
P00000416233	영화제수상
P00000270527	영화제수상
P00000253510	영화제수상
P00000257169	영화제수상
P00000259572	영화제수상
P00000260752	영화제수상
P00000263364	영화제수상
P00000249394	영화제수상
P00000273559	영화제수상
P00000250713	영화제수상
P00000262951	영화제수상
P00000252808	영화제수상
P00000442822	영화제수상
P00000443911	영화제수상
P00000414892	영화제수상
P00000415808	영화제수상
P00000429942	영화제수상
P00000266755	영화제수상
P00000395074	영화제수상
P00000266079	영화제수상
P00000266190	영화제수상
P00000395073	영화제수상
P00000462438	영화제수상
P00000265385	영화제수상
P00000268760	영화제수상
P00000257396	영화제수상
P00000266919	영화제수상
P00000267289	영화제수상
P00000252919	집착^판타지영화^소녀
P00000253345	아빠와아들^가정불화^가난^실화바탕^자수성가
P00000262585	조선시대^성적호기심^사극
P00000248420	도전^실화바탕^화재사고^생존
P00000248257	소설원작^비밀요원^암살^내전
P00000267219	부부애
P00000265886	부부애
P00000248412	신혼부부^삼각관계^우정^동거
P00000248446	실사애니^가족애^만화원작
P00000248534	살인마^두뇌게임^고문
P00000248569	서부극
P00000248575	화가^가족갈등^동거
P00000259082	실화바탕^특수부대^남북문제
P00000259080	바람둥이^리메이크^자매
P00000259545	소프트볼^성장통^실화바탕^청춘^고등학생
P00000260616	사기극^사기결혼
P00000479040	미스터리^탐정^암살^추격전^FBI^연쇄살인^서스펜스
P00000249059	고대그리스^만화원작^영웅^블록버스터
P00000253363	반전영화^다중인격^오컬트^연쇄살인
P00000255188	반전영화^귀신^부모애^
P00000266904	아빠와딸^부성애^지적장애인^살인누명^탈출
P00000268806	실화바탕^실존인물^올림픽
P00000343859	모성애
P00000415807	누명^아줌마^인권^주부
P00000255344	실화바탕^인권
P00000282697	성상납
P00000444365	소설원작
P00000473883	부정부패
P00000248694	축구^실화바탕
P00000253528	소설원작^불륜
P00000263268	소설원작^비밀요원
P00000263714	첫사랑
P00000267082	도전
P00000444416	우울증^순수한사랑
P00000270877	일탈^불륜
P00000482843	변신^블록버스터
P00000429941	배낭여행^도전^탐험
P00000248411	결혼^사랑고백
P00000248423	뮤지컬원작^힐링
P00000248420	실화바탕
P00000248516	소설원작^블랙코미디^힐링^정신지체
P00000248971	킬링타임용
P00000415125	서계여행^배낭여행^로드무비^독립영화^우정
P00000443408	만화원작
P00000281508	음악영화^가족의죽음^부부애^시한부인생
P00000277503	블랙코미디^상류층^서스펜스
P00000248704	시각장애인
P00000248838	소설원작^로드무비
P00000248848	소설원작
P00000248849	휴머니즘^연극원작
P00000248966	반전영화
P00000249218	지구정복^만화원작^블랙코미디
P00000249221	소설원작^노인
P00000249394	휴머니즘^우정
P00000249398	소설원작
P00000250129	금지된사랑^사극^삼각관계^동성애^역사바탕
P00000477650	블록버스터^시간여행
P00000477649	블록버스터^모성애
P00000251241	부성애^인신매매^아빠와딸
P00000452959	시골^골프^슬럼프
P00000453121	소설원작^2차세계대전
P00000269345	사랑^연애^중년
P00000461915	지진
P00000484012	초능력
P00000501024	요리^요리사^프랑스^인도^성장드라마^라이벌
P00000274393	요리^요리사
P00000252028	시간여행
